name	output	strike_phase	swing_side	racket_pos_x_lo	racket_pos_x_hi	racket_pos_y_lo	racket_pos_y_hi	racket_pos_z_lo	racket_pos_z_hi	racket_vel_x_lo	racket_vel_x_hi	racket_vel_y_lo	racket_vel_y_hi	racket_vel_z_lo	racket_vel_z_hi
user_forehand_raised_30fps_contact075_50hz_a3fk_aligned	hope_training/motions/user_four_motion_manual_hits_a3fk_yaw_leg_stabilized_20260724/user_forehand_raised_30fps_contact075_50hz_a3fk_aligned.npz	0.400000000	1	0.589475	0.749475	-0.617154	-0.297154	1.124202	1.304202	1.0	2.0	0.5	1.5	0.2	1.0
user_backhand_raised_30fps_contact040_50hz_a3fk_aligned	hope_training/motions/user_four_motion_manual_hits_a3fk_yaw_leg_stabilized_20260724/user_backhand_raised_30fps_contact040_50hz_a3fk_aligned.npz	0.400000000	-1	0.579235	0.739235	-0.241530	0.078470	1.150770	1.330770	1.5	2.5	-1.5	-0.5	0.0	0.7
user_forehand_translate_30fps_contact135_50hz_a3fk_aligned	hope_training/motions/user_four_motion_manual_hits_a3fk_yaw_leg_stabilized_20260724/user_forehand_translate_30fps_contact135_50hz_a3fk_aligned.npz	0.400000000	1	0.723105	0.943105	-0.784230	-0.384230	1.191614	1.371614	1.0	2.0	0.5	1.5	0.2	1.0
user_backhand_translate_30fps_contact125_50hz_a3fk_aligned	hope_training/motions/user_four_motion_manual_hits_a3fk_yaw_leg_stabilized_20260724/user_backhand_translate_30fps_contact125_50hz_a3fk_aligned.npz	0.400000000	-1	0.247681	0.467681	0.314259	0.714259	1.245479	1.425479	1.5	2.5	-1.5	-0.5	0.0	0.7
supp_backhand_static_hit1	hope_training/motions/supplemental_lower_body_deploy_ready_residual_0p50_isaacfk_20260728/supp_backhand_static_hit1_deploy_ready_residual.npz	0.439461883	-1	0.629279850	0.789279850	-0.046970351	0.273029649	1.242145610	1.422145610	1.5	2.5	-1.5	-0.5	0.0	0.7
supp_backhand_static_hit2	hope_training/motions/supplemental_lower_body_deploy_ready_residual_0p50_isaacfk_20260728/supp_backhand_static_hit2_deploy_ready_residual.npz	0.444444444	-1	0.660959669	0.820959669	-0.001676642	0.318323358	1.256372326	1.436372326	1.5	2.5	-1.5	-0.5	0.0	0.7
supp_forehand_static_hit1	hope_training/motions/supplemental_lower_body_deploy_ready_residual_0p50_isaacfk_20260728/supp_forehand_static_hit1_deploy_ready_residual.npz	0.444444444	1	0.573408132	0.733408132	-0.601585423	-0.281585423	1.113083624	1.293083624	1.0	2.0	0.5	1.5	0.2	1.0
supp_forehand_short_translate_hit1	hope_training/motions/supplemental_lower_body_deploy_ready_residual_0p50_isaacfk_20260728/supp_forehand_short_translate_hit1_deploy_ready_residual.npz	0.444444444	1	0.528109874	0.748109874	-0.712718285	-0.312718285	1.166162972	1.346162972	1.0	2.0	0.5	1.5	0.2	1.0
supp_forehand_short_translate_hit2	hope_training/motions/supplemental_lower_body_deploy_ready_residual_0p50_isaacfk_20260728/supp_forehand_short_translate_hit2_deploy_ready_residual.npz	0.444444444	1	0.537384596	0.757384596	-0.566514986	-0.166514986	1.259735562	1.439735562	1.0	2.0	0.5	1.5	0.2	1.0
